Emitters,Time
1,4.360003
2,4.375077
4,4.385365
8,4.382469
16,4.384113
32,4.384781
64,4.393281
128,4.393976
256,4.428303
512,4.438404
1024,4.467137
2048,4.497249
4096,4.680571
8192,5.192472